Date,returns,volatility,momentum
2020-01-03,-0.0019820705884056045,,
2020-01-06,0.014269417658328943,,
2020-01-07,0.005027896084830385,,
2020-01-08,0.016105728881702364,,
2020-01-09,0.005417162906945339,,
2020-01-10,-0.002389152415712359,,
2020-01-13,0.028629544576051335,,
2020-01-14,-0.002755481593246056,,
2020-01-15,-0.006372445589090137,,
2020-01-16,0.007470608128397593,,
2020-01-17,0.004810171081085923,,
2020-01-21,0.015599621914765471,,
2020-01-22,0.007664013875734987,,
2020-01-23,0.0029266969529708974,,
2020-01-24,-0.01010057467608647,,
2020-01-27,-0.019908942088381898,,
2020-01-28,0.01810661558705884,,
2020-01-29,0.013643350497447937,,
2020-01-30,0.026972705838557553,,
2020-01-31,0.0030321911466754115,,
2020-02-03,0.050620522582400726,,
2020-02-04,0.04015786434949866,,
2020-02-05,-0.033832722538679215,,
2020-02-06,0.0155219519463901,,
2020-02-07,0.0005862834907125247,,
2020-02-10,0.021636926605857233,,
2020-02-11,-0.003149209908352235,,
2020-02-12,0.005201637001767456,,
2020-02-13,0.005433726562428709,,
2020-02-14,0.0001573912680766565,0.024666394894165528,0.266454834455698
2020-02-18,0.015000469905550661,0.02472024651667886,0.29175705002354824
2020-02-19,0.0193122425653105,0.024677114147388542,0.30520408056249765
2020-02-20,-0.011643509172786493,0.024891204504067444,0.2766934434646456
2020-02-21,-0.020223370449701083,0.025546015878481237,0.2295991114985673
2020-02-24,-0.04988781682399175,0.02750418292964015,0.1623378844542926
2020-02-25,-0.026564011466055713,0.028052975314440197,0.13314405498085669
2020-02-26,0.0016868130848882057,0.02776404893727203,0.09332571976347966
2020-02-27,-0.07328446460904585,0.03114616748742378,0.008904464318206773
2020-02-28,0.005120108178773441,0.03122454227624084,0.02123417667421017
2020-03-02,0.06905470352224201,0.03387065475609776,0.08748611225330054
2020-03-03,-0.027040858918620715,0.03442581415952152,0.057064527104338805
2020-03-04,0.03125342029434375,0.035039658721212764,0.06636166775389847
2020-03-05,-0.03308594101689448,0.03570285240100517,0.021577090680871925
2020-03-06,-0.01940070021996747,0.03590886746178461,-0.0019543322174956357
2020-03-09,-0.07942918776285382,0.03873665270599045,-0.07476061864461585
2020-03-10,0.06025991935745445,0.040447419467365006,0.0003867186332215056
2020-03-11,-0.037028637287634905,0.04101536313750593,-0.05276398762226329
2020-03-12,-0.09420655965435867,0.044418194109268436,-0.15455818930125048
2020-03-13,0.07883732444265693,0.04834599133592588,-0.11514427660638116
2020-03-16,-0.12637085776249127,0.052772480262204546,-0.22879456234188061
2020-03-17,0.04103134164794884,0.05208062971227053,-0.22566706422769167
2020-03-18,-0.047738987886336834,0.05166949055049315,-0.2775917422923767
2020-03-19,0.04785334465224296,0.05268912143437959,-0.23367158245334077
2020-03-20,-0.031783654159956966,0.05284816930254697,-0.26968354690894875
2020-03-23,0.0004294929906828671,0.0529524024831145,-0.2698122121067383
2020-03-24,0.08912163937475985,0.05586032701370693,-0.22620177537169822
2020-03-25,-7.008800573702346e-05,0.05613928342856567,-0.22607438473497238
2020-03-26,0.03743734031732748,0.057013257180411905,-0.20064845213810772
2020-03-27,-0.036439904011791355,0.057196772345061944,-0.23262491934532514
2020-03-30,0.02823501343659964,0.057811929002816745,-0.20933100493489545
2020-03-31,0.006436927639205359,0.05765137683369388,-0.21571937371758318
2020-04-01,-0.048435605718058716,0.057829112150136065,-0.26333580896024056
2020-04-02,0.00010443793965948522,0.05799381066675269,-0.25211790619142616
2020-04-03,0.0008910800452099022,0.05809839094863871,-0.23769995832099097
2020-04-06,0.07352513657414823,0.059428625441144335,-0.1412011618972447
2020-04-07,0.00814204966164045,0.0594568579153175,-0.11441873283650428
2020-04-08,0.015623536699368269,0.05953036449863145,-0.10312676106870773
2020-04-09,0.01016459839840922,0.058057912527624614,-0.02613108657920049
2020-04-13,0.04456468878139321,0.059054763018881885,0.0101692696142472
2020-04-14,0.05771830224837497,0.058580492517339856,0.0003541364406043357
2020-04-15,0.0025770291930129253,0.05825841945591932,0.031119480332984995
2020-04-16,0.02053954010175225,0.05808916125172908,0.02165289015747789
2020-04-17,0.00205248543022738,0.05773716744960102,0.05746107557771083
2020-04-20,-0.011337277940584168,0.05765027221709085,0.06699199942777474
2020-04-21,-0.04367615634537407,0.05621600253588164,0.10838197948754787
2020-04-22,0.03644254163287961,0.05554337491845427,0.08331366445261841
2020-04-23,-0.005358547729217245,0.054979985124060216,0.11889040785022872
2020-04-24,0.01671051739120335,0.05160379123336704,0.2549694189938535
2020-04-27,0.01612880985374552,0.048726146576142715,0.19069641279165558
2020-04-28,-0.026767880225580964,0.04218041273003542,0.3301794533389793
2020-04-29,0.04655556843918189,0.041705770098514706,0.3444291286834077
2020-04-30,0.01078257281079904,0.03985107557405429,0.44362248371703644
2020-05-01,-0.04856295912290041,0.04035097818928417,0.2889070058889858
2020-05-04,0.028262658495798298,0.0396174381520839,0.37086198851804164
2020-05-05,0.011098669587571663,0.039403664439988016,0.3844459393561936
2020-05-06,0.010129058854815876,0.03617409725012036,0.28009893092466914
2020-05-07,0.0075173338686926215,0.03573259584911789,0.2863505379843201
2020-05-08,0.019247072568676814,0.034803336117865055,0.2690032630707086
2020-05-11,0.008644872965184592,0.03370175146097022,0.3263424893720867
2020-05-12,-0.015648881468750164,0.03322830830169092,0.27524053676236165
2020-05-13,-0.012972314292392473,0.033354943201774984,0.24744492996371856
2020-05-14,0.008257491750451295,0.03153001499617399,0.3253501808408649
2020-05-15,0.004835681375966372,0.03119213287777838,0.3365895987453353
2020-05-18,0.013375091658991155,0.03089338850713551,0.34910020957112753
2020-05-19,-0.003576404524778076,0.028061086183751784,0.2520603397886256
2020-05-20,0.017560022148837007,0.027965610469785095,0.26023912207190975
2020-05-21,-0.005382232033642987,0.028034780126140624,0.2358024691312151
2020-05-22,-0.0010989006666607404,0.02802608302329222,0.21946588008368506
2020-05-26,-0.0030640605648825092,0.026489863451800405,0.16224884049777555
2020-05-27,0.0003674082909599141,0.02455101668703588,0.09888801534646711
2020-05-28,-0.004937247160331548,0.02447234565134903,0.09057056710586342
2020-05-29,0.014682241095696802,0.024161090930261076,0.08493745938750959
2020-06-01,0.01965091532118337,0.024450947379089337,0.10425877771639555
2020-06-02,0.000665857125995517,0.024208197985854406,0.11753406063188203
2020-06-03,0.0019655566397244863,0.022427080986795724,0.17199826486407596
2020-06-04,-0.013467250827196065,0.021854354681541836,0.11466141308914768
2020-06-05,0.020757425605482594,0.02187279148988394,0.14529327391027932
2020-06-08,0.021354214281793692,0.022047415622275145,0.15104628280045124
2020-06-09,0.012540529407373935,0.02151779642709245,0.14530231114800615
2020-06-10,0.03582507995852389,0.02161132318135941,0.21950601390491156
2020-06-11,-0.04586418304782329,0.02181536996557045,0.11223318423993689
2020-06-12,-0.003856312708650411,0.021594353147137712,0.09617495414292732
2020-06-15,0.01892619004511893,0.019016395503535136,0.1783748251621684
2020-06-16,0.015364349688769097,0.018649773327798262,0.16050003414599529
2020-06-17,0.005186547069393388,0.018565041434096215,0.15391077047541973
2020-06-18,0.0031236898923453936,0.018584333594143982,0.14583633681080452
2020-06-19,-0.0026817229817092335,0.01857237576243942,0.13475402368040262
2020-06-22,0.016027132578775305,0.01862659407395032,0.12960476406259486
2020-06-23,0.012670415359892839,0.018627386857280773,0.13463129384985076
2020-06-24,-0.022177799896117945,0.018779815141886907,0.12646184119939727
2020-06-25,0.013061764643889796,0.018510413050015273,0.15644017370239588
2020-06-26,-0.030854235511505502,0.01988104688851408,0.11182812287129225
2020-06-29,0.021252477982092576,0.020197677090148847,0.13100177508760988
2020-06-30,0.02958262332605712,0.02075304141460344,0.14996893255217336
2020-07-01,0.020235143996150784,0.021106301548700655,0.178153298414809
2020-07-02,0.02210735893250333,0.021367784696068176,0.186748451186958
2020-07-06,0.0521956487313068,0.023060288652372925,0.2602667691638735
2020-07-07,-0.005302083355151699,0.023164028883012326,0.2580680433342933
2020-07-08,0.012841303579498286,0.023322101996867944,0.2748634172983166
2020-07-09,0.015011853624349536,0.023379535428840543,0.29446862241608834
2020-07-10,0.025084317670379462,0.02383058508897205,0.34365114699688665
2020-07-13,-0.02274238988905595,0.024585118384798366,0.28997549609738243
2020-07-14,0.007035726566620282,0.02439926245916747,0.2685426710087964
2020-07-15,-0.00046617837934948003,0.02444918805460295,0.27128657286477187
2020-07-16,-0.01314571743757147,0.02477850622756041,0.25004205545037667
2020-07-17,-0.003671391745979258,0.024576939967109596,0.26342678643443473
2020-07-20,0.05380990574555047,0.025989164678235956,0.30914987134331606
2020-07-21,-0.019215818398396634,0.02631369439818953,0.24814065091047016
2020-07-22,0.005194791037405144,0.02611366744075095,0.24181161023493997
2020-07-23,-0.04121878701138697,0.026938877678898365,0.14424366293065205
2020-07-24,-0.01404727975372897,0.025494778160228476,0.1784526000059182
2020-07-27,0.030469140346791556,0.02574201044160664,0.22684743920795478
2020-07-28,-0.02024285116989617,0.026066870152284195,0.17427737423234652
2020-07-29,0.013771890710133673,0.025850609034193527,0.1747048069413148
2020-07-30,0.0038735361192696162,0.025906436951236417,0.1717108033075566
2020-07-31,0.015236068407568259,0.027993772645238873,0.18155419155007008
2020-08-03,0.019835933631535175,0.028587636717711785,0.20867692202873714
2020-08-04,-0.0009413276578089658,0.02841892963195703,0.19069334623948922
2020-08-05,0.0051345643039988785,0.028401198776307146,0.18157013626420054
2020-08-06,0.015537687722225834,0.02807901729851935,0.2278106417064764
2020-08-07,-0.017517892203598673,0.028426446737745813,0.1887989350914306
2020-08-10,-0.00720034029446528,0.027467810643186614,0.2167607487811166
2020-08-11,-0.023316761836076737,0.027747018985666134,0.1614085331003527
2020-08-12,0.047509995301848205,0.028580879803829794,0.18365206378707805
2020-08-13,0.01276347126871169,0.028351257059932543,0.17658464216943784
2020-08-14,0.0012714714000901183,0.028009744581227115,0.15118459450602187
2020-08-17,0.026933261019665776,0.027074409870290073,0.12337414645470916
2020-08-18,0.02181355263197058,0.02734235615203433,0.15283595856403287
2020-08-19,-0.006445820158967464,0.027169489544049928,0.13285564052239768
2020-08-20,0.028579175173654648,0.027408983826331418,0.15015883375762407
2020-08-21,0.012809549649096441,0.027001757554481098,0.13513726791885797
2020-08-24,0.0021308978523268294,0.026520255788157233,0.16284709709688353
2020-08-25,0.0068406251522713955,0.026600857249841275,0.16096922955552614
2020-08-26,0.030343605562747556,0.026932859941937386,0.19662342157060375
2020-08-27,0.006138334954266478,0.026904904243126526,0.22230070599646523
2020-08-28,0.0009137843096645781,0.02688936912733811,0.22662058520444464
2020-08-31,0.030649703325394982,0.026020358519664367,0.20414269218873718
2020-09-01,0.006097128877523205,0.025990742330053457,0.2340662275327583
2020-09-02,-0.0025653560354578888,0.026705334019176675,0.21827153953657027
2020-09-03,-0.06594022250651863,0.028610010627732246,0.18535670934435475
2020-09-04,-0.007397772175105288,0.028576032788448495,0.1989487884737116
2020-09-08,-0.08247952501017382,0.03263309819881241,0.05764406539289946
2020-09-09,0.048983938139380664,0.03346616157317654,0.13350920138640446
2020-09-10,-0.017828759448171104,0.03386985042105035,0.09840164618747642
2020-09-11,-0.008245583088986819,0.033944820445869904,0.08575027172521321
2020-09-14,0.030754307529186044,0.03306562703289852,0.11058519904883626
2020-09-15,0.02486993140626472,0.03276516123306637,0.11857744467737782
2020-09-16,-0.02097839452951349,0.033058044527015676,0.09607992793812084
2020-09-17,-0.02139929678213439,0.033290112208348266,0.06586560774138268
2020-09-18,-0.008398509124521291,0.03333330697228302,0.04655230885317543
2020-09-21,0.008974717642510477,0.03328407050304366,0.07641510477139937
2020-09-22,0.012299896714243409,0.03407782946675499,0.09094960012849913
2020-09-23,-0.05081996135730023,0.03515510359940856,0.05550038865013427
2020-09-24,0.01179321640005022,0.034137123467248134,0.015471189854687206
2020-09-25,0.029410135328620378,0.03447772449840221,0.0317793501732669
2020-09-28,0.020961582575321012,0.03468563337320929,0.05179927634657557
2020-09-29,-0.005435631184568401,0.03418308964426518,0.01601456808051669
2020-09-30,0.01090903769114926,0.03385449747540248,0.005671283365434432
2020-10-01,0.020295417074581358,0.03401893021913903,0.033324212500545715
2020-10-02,-0.03743467607298741,0.034342183160932294,-0.03511424171482265
2020-10-05,0.023815140146479896,0.03436310569664658,-0.024463055726749207
2020-10-06,-0.025974928149578136,0.03466107719632368,-0.05139907955262686
2020-10-07,0.019965176831029476,0.03484004714851714,-0.03883603828121247
2020-10-08,0.0038229226667738205,0.03438440893348013,-0.06416095160715814
2020-10-09,0.021907522257513933,0.03454320140288878,-0.04967926313888131
2020-10-12,0.0383881303488713,0.03557191092003753,-0.014098109444253114
2020-10-13,-0.0016618491452005334,0.034676372019399875,-0.04350255932787952
2020-10-14,-0.00019122416775818607,0.03442974248740192,-0.04960530039027009
2020-10-15,-0.00977314577368087,0.03392262462380964,-0.05572326649063288
2020-10-16,-0.009281164455653879,0.031599262957220826,0.0019039060342649129
2020-10-19,-0.02290149834342099,0.03167774136655393,-0.014070951113804986
2020-10-20,0.002286221824488055,0.02724844673370186,0.08357759328882945
2020-10-21,0.0018898800703519125,0.025833204516011503,0.033220237447817325
2020-10-22,0.0017280821146393067,0.025386904203008265,0.053225801724884246
2020-10-23,0.0026360504886570935,0.025358575361517498,0.06422223449657327
2020-10-26,-0.01163595798841055,0.024329334579111017,0.021034438439713976
2020-10-27,0.01459271805610136,0.023873808327736137,0.011521698956226878
2020-10-28,-0.04650019375533898,0.025234588665900327,-0.014819676067227028
2020-10-29,0.020942355724927662,0.025266874475144786,0.027698682143022867
2020-10-30,-0.02777886232113127,0.026076187563610388,0.009624356769268783
2020-11-02,0.005053414164353098,0.025988259196954393,0.005787202182283879
2020-11-03,0.02435544646598555,0.025570104387592253,0.01674939367445827
2020-11-04,0.041261650710596134,0.025081602555425887,0.11556433682819978
2020-11-05,0.028500472640215067,0.025516448616395154,0.13345989783974005
2020-11-06,-0.004512482478145818,0.02505674471934944,0.09672519762001786
2020-11-09,-0.022733296686996817,0.025363176383625542,0.05089246589440455
2020-11-10,-0.022142849052123804,0.025802160963173747,0.033188038728802514
2020-11-11,0.02246143443816768,0.026059350931417164,0.04479921459491691
2020-11-12,-0.006301625491859331,0.025756355332513935,0.018432641085942093
2020-11-13,0.0040637679464248675,0.024599751194017073,0.06199439391404562
2020-11-16,0.002552033757314631,0.024256117780833697,0.04014394285335095
2020-11-17,0.0112638444958723,0.024605248324216067,0.0781480902976773
2020-11-18,0.011165928593707575,0.025507671466624925,0.06898183261574313
2020-11-19,0.010298711240208869,0.025541002995709307,0.07594509579663071
2020-11-20,-0.011626714910956326,0.02537540463825927,0.04061401831700837
2020-11-23,0.00587390791290725,0.02460026256363822,0.010441606384213898
2020-11-24,0.02421562315810042,0.024951343192942954,0.03785936120281388
2020-11-25,0.012532283289183831,0.024969075036718198,0.049905184059811813
2020-11-27,0.009574600004165656,0.024866952944247296,0.07216131910472305
2020-11-30,-0.008417964178061977,0.02501938969354326,0.0714315522194352
2020-12-01,0.02216606103784824,0.024812133178397623,0.12132942026637687
2020-12-02,-0.003371583224916641,0.02484965467415125,0.11513692468716397
2020-12-03,0.0059667313892387995,0.02488050808289043,0.12140241281031434
2020-12-04,-0.00040762658516619866,0.02486541478196421,0.11915759161179425
2020-12-07,0.015623772704030526,0.02507638507320048,0.13902606212054988
2020-12-08,0.005748300712465548,0.024731382360261223,0.15884246264516116
2020-12-09,-0.03034688842410398,0.025488188739251107,0.10438523544636664
2020-12-10,0.0073400726133876935,0.02356642413612787,0.16932968854481623
2020-12-11,-0.0024197114069328452,0.02337595924153734,0.1406088269139588
2020-12-14,0.00969835079696162,0.021694445673121062,0.19084697262191894
2020-12-15,0.009418894514904986,0.02211250132703481,0.19151649176289132
2020-12-16,0.005741277915448273,0.022089452923788788,0.16487726102824718
2020-12-17,0.009960218722559765,0.01981397541241637,0.1383221430194043
2020-12-18,0.00422601211654543,0.019399668625800982,0.1154141708299655
2020-12-21,-0.00560182148574444,0.019954522768874175,0.10866787944313702
2020-12-22,0.0023438214152023073,0.01920583346605224,0.13570106277171873
2020-12-23,-0.002635611266290505,0.018394830454334935,0.15953224338547684
2020-12-24,0.007893004993212483,0.017717237684520066,0.14520452991251373
2020-12-28,0.021322003844418756,0.01837517988619963,0.17581999391445655
2020-12-29,-0.0021996875940206275,0.01837001712170162,0.17055649593221117
2020-12-30,0.00011271178471927712,0.018556033060948874,0.17307375943948253
2020-12-31,0.00238949383001148,0.01818954211016959,0.1565466854914948
2021-01-04,-0.009708655220945706,0.017899470534501194,0.12902858812731582
2021-01-05,0.007742894717859006,0.017903338135211763,0.12489223951136705
2021-01-06,-0.01319297521330034,0.01836542639270445,0.12732075742226756
2021-01-07,0.03589454881745509,0.0189424174480278,0.1600541910050206
2021-01-08,0.022572239170218156,0.018940905562180053,0.15960055137815304
2021-01-11,-0.031157362394322697,0.019967965440236008,0.1030133519656401
2021-01-12,0.005074778342698982,0.02007395660107055,0.10048277277617712
2021-01-13,0.00974566675694315,0.01985086732828739,0.12212132621842883
2021-01-14,-0.01259365160093131,0.019654925860024874,0.08321408585401047
2021-01-15,-0.009418933661571028,0.019574422016395615,0.07768662063418479
2021-01-19,0.01674694400995631,0.019912308366269886,0.08642350037806049
2021-01-20,0.03512317174070936,0.021514097613375034,0.12179879757158947
2021-01-21,0.009715951031937231,0.021429003526470793,0.11133066785135366
2021-01-22,0.004476529233768245,0.021451001878985725,0.10958133894412918
2021-01-25,0.017064462622278054,0.02061485429992529,0.16820978865287697
2021-01-26,0.006689764109685114,0.020562718671125715,0.16506341007136513
2021-01-27,-0.020288918253249254,0.021168352818313033,0.14628863269141204
2021-01-28,-0.004389190656132058,0.021564369053745723,0.12600598492309828
2021-01-29,-0.028078828776966724,0.022054611444849777,0.0837789067287801
2021-02-01,0.037316539190926125,0.022793317186872827,0.11994090138343635
2021-02-02,0.01397763096648994,0.022713907558891307,0.12364033590953456
2021-02-03,0.007783735298728156,0.023318865689597162,0.12525182394464984
2021-02-04,0.0038420569544750593,0.022872068545641354,0.13790364738059496
2021-02-05,0.004762400367233388,0.022698659393853897,0.14213845025487704
2021-02-08,0.0009129867923946877,0.022651331202922276,0.14600608585057478
2021-02-09,-0.005431827851352633,0.022715508231284726,0.129721869273332
2021-02-10,-0.012247323842402014,0.022599762703667526,0.09219487951766625
2021-02-11,0.0014209710383189967,0.022515616198786073,0.09663494953519816
2021-02-12,0.0034197206484634533,0.022262707501482248,0.09956245656237281
2021-02-16,-0.008189239233815671,0.02237236886509982,0.0874498976095166
2021-02-17,0.0010066508208441682,0.021946401597003725,0.09925868989650807
2021-02-18,-0.004786959457607631,0.021979189862886557,0.08566903309590575
2021-02-19,-0.009932702842013775,0.021539356975748308,0.08934213698532498
2021-02-22,-0.03598538242648073,0.02170370851448622,0.0159685050489776
2021-02-23,-0.0042275049544543645,0.02100494506219294,-0.007426892122232043
2021-02-24,0.012755094901108488,0.02058503134493237,0.03399990764719727
2021-02-25,-0.04080882173135179,0.021627731949500004,-0.009663456961472083
2021-02-26,0.004368496164006697,0.021570805403458647,-0.014163617387967675
2021-03-01,0.03556946874539872,0.0225619497799965,0.031905406732080886
2021-03-02,-0.01945705852748736,0.02281975178864785,0.022127675130307757
2021-03-03,-0.03089981114663285,0.02330450132021935,-0.025280337506546992
2021-03-04,-0.013202691964740488,0.022161355091185848,-0.07016299625359193
2021-03-05,0.006629832508946709,0.022181168410860687,-0.07035154491378189
2021-03-08,-0.035436089431849636,0.022952223295859497,-0.10620039344491036
2021-03-09,0.06382002865275464,0.02656881634973372,-0.07178694432770019
2021-03-10,-0.00538479033675352,0.026506798510735362,-0.08299564280411036
2021-03-11,0.02677613613602463,0.026509562539753305,-0.03842420764999477
2021-03-12,-0.010727270395247856,0.026279719350029686,-0.047207660967860623
2021-03-15,0.00811818942997824,0.025854603595274257,-0.01336110239353432
2021-03-16,-0.00022843041183062684,0.024902515331720446,-0.04732000168186943
2021-03-17,0.008189793083610675,0.02488683349473688,-0.053123694969095504
2021-03-18,-0.0386969803192283,0.024798070970291776,-0.09740950928404198
2021-03-19,0.0029652688472319388,0.024716637233039074,-0.09814751783720665
2021-03-22,0.017888549332535808,0.02505270283772042,-0.08695931563938748
2021-03-23,0.0003893685288077764,0.02505963522962217,-0.08649840592163238
2021-03-24,-0.01949228343129681,0.02524353306167107,-0.09870813246567203
2021-03-25,-0.0012569391143141262,0.025205974144023154,-0.09071764422705894
2021-03-26,-0.002560647039842645,0.025312354949198135,-0.09326494188228278
2021-03-29,0.000483087993626663,0.025335327968938316,-0.09539287724014558
2021-03-30,0.0013605033950134348,0.02546681032237144,-0.08874214272577899
2021-03-31,0.021408808795963054,0.02577290072301357,-0.0710836324026374
2021-04-01,0.01597077084539329,0.026237743874223996,-0.051210995811316606
2021-04-05,0.03164984383632463,0.026856068684900196,-0.011457728174129156
2021-04-06,-0.0013688609410824836,0.025981035464624942,0.023113671554024086
2021-04-07,0.004495169093841312,0.026100662910388973,0.03220741786977823
2021-04-08,0.012584677251257536,0.025908959768948626,0.03308612228143828
2021-04-09,0.010338503903236273,0.02477994853497823,0.08766844769779603
2021-04-12,0.0029057489349163966,0.02490054350624056,0.08510514583143566
2021-04-13,0.026162853125247,0.02458244929357945,0.07479356848765666
2021-04-14,-0.01876066212761689,0.024555751516849595,0.07556226059568254
2021-04-15,0.015241388238196896,0.023782600364002194,0.12680637271853978
2021-04-16,0.0016875047582792125,0.023460583847073523,0.14424763840221635
2021-04-19,-0.00831936810088616,0.02327661238885716,0.12771193443402953
2021-04-20,-0.004869273633908722,0.022017336183579657,0.16433622829326439
2021-04-21,0.010954149559665893,0.018405422795505343,0.10723303716496542
2021-04-22,-0.016939457866017804,0.018712593228714706,0.09438359431428318
2021-04-23,0.01553522535175147,0.01833731616403812,0.0826315399137719
2021-04-26,0.008262396310082566,0.01814355118765189,0.10337331155437637
2021-04-27,-0.010380134076222491,0.01824532047398931,0.08382241900686127
2021-04-28,-0.0014519440557810403,0.01844225462306625,0.08223522666323335
2021-04-29,-0.0031722340565290665,0.018367086949674892,0.07119265564276238
2021-04-30,0.002789736933361664,0.017057938816642047,0.11586227869398869
2021-05-03,-0.01108244169586443,0.017386178959939193,0.1002195292505057
2021-05-04,-0.02110988435150496,0.017756046508009805,0.05842325326495588
2021-05-05,-0.003271602645272753,0.01777151862262897,0.054481406338795016
2021-05-06,0.007141953713936289,0.01736818404982965,0.0829513887186157
2021-05-07,0.006268067515426945,0.01725898382662337,0.09117388320892465
2021-05-10,-0.033494069672250125,0.018315692653975313,0.05749943212696116
2021-05-11,-0.005813125809764319,0.018393717301324504,0.05063712722493383
2021-05-12,-0.030325124822035733,0.019073614987047093,0.018269398168209362
2021-05-13,0.004007341047851698,0.01882973396391813,0.0028092952716035624
2021-05-14,0.022810253617866393,0.018816984638249164,0.008481736350270852
2021-05-17,-0.004751396942029351,0.017936097957220343,-0.026240291432531215
2021-05-18,-0.008243326270371342,0.018041762667851752,-0.03322804227776603
2021-05-19,-0.003980221305234477,0.01784986025829468,-0.041713372723011476
2021-05-20,0.019347946364704473,0.018080644376048165,-0.03572739573290638
2021-05-21,-0.009885391347293826,0.017891967321795016,-0.05533402521916127
2021-05-24,0.02448970042604439,0.01831783998685069,-0.03433775259012484
2021-05-25,0.000879425568186476,0.017204481854570138,-0.05569689302752852
2021-05-26,0.006365568378292963,0.016996637933192765,-0.03289026683816221
2021-05-27,-0.004051335157928637,0.016831188360238607,-0.05207940602789422
2021-05-28,-0.003487032098182308,0.01681053554298997,-0.056818101432313625
2021-06-01,-0.000987922868755442,0.01670682442492247,-0.05017693368912739
2021-06-02,-0.004782067243123489,0.016743991890718242,-0.04949911032232916
2021-06-03,-0.01923238107195093,0.01683940407443962,-0.07595384484722956
2021-06-04,0.0222138950003266,0.01725302915278733,-0.04057436375817649
2021-06-07,0.004671457649221456,0.017003924816828768,-0.05111671290250781
2021-06-08,0.0036608022696978048,0.016986347964549908,-0.055254766249016415
2021-06-09,0.001665580216468432,0.016799555883619616,-0.044269479074987725
2021-06-10,0.01149546055604458,0.016613843292420848,-0.03240918706992357
2021-06-11,0.001823250534589782,0.01652243225506938,-0.027996097758906525
2021-06-14,0.012777666115389507,0.01631607611279112,-0.017139893226342618
2021-06-15,-0.010119587388903617,0.016164040175610614,-0.016303789488064303
2021-06-16,0.002699903629269462,0.015595817713279277,0.007417350738050632
2021-06-17,0.015074801931171366,0.01578379267755169,0.025861341932534043
2021-06-18,-0.0037846993142086395,0.015785212660315948,0.014044711025394886
2021-06-21,0.005435809304202355,0.015868203748111192,0.013451276441797754
2021-06-22,0.00949218899157973,0.014589066688816977,0.05813207611017932
2021-06-23,0.009512959232255725,0.014812970233193567,0.07365502242249464
2021-06-24,0.005205294385606196,0.013651839600917749,0.11306690340296673
2021-06-25,-0.006788393459448039,0.013474834914794107,0.10169728356199341
2021-06-28,0.012856984866302578,0.013108295308107342,0.09099068987522836
2021-06-29,0.001799874093305598,0.012915768250098342,0.09841603248961354
2021-06-30,-0.0005178515850145394,0.012690885747132697,0.10676120290861864
2021-07-01,0.0006093018769287806,0.012561281559502518,0.11230253705247169
2021-07-02,0.01780294026555711,0.01267086682086006,0.10996083812256523
2021-07-06,0.008133740043713611,0.013123907121522694,0.12958919704636496
2021-07-07,0.002282969669397361,0.01259704131485162,0.10544037348113604
2021-07-08,-0.0014785261879297184,0.012798198111294512,0.10275676103744096
2021-07-09,0.004366275964061273,0.012746205269614886,0.10078944528655547
2021-07-12,0.009744829229511299,0.012786217683588591,0.1157541496247175
2021-07-13,-0.002426729467336064,0.012918575292406665,0.1169942196327574
2021-07-14,0.0030153671240466863,0.013002626899670753,0.1220451952805492
2021-07-15,-0.007460767834673554,0.013045826537207173,0.11863015502107274
2021-07-16,-0.008201721835490883,0.012525411978135708,0.131039119618988
2021-07-19,-0.012539468134352184,0.012563096639036106,0.09257366727321377
2021-07-20,0.01523109261481519,0.012763478966482084,0.1041813619510635
2021-07-21,0.0016802632981590903,0.012733429078950791,0.10180010570166709
2021-07-22,0.007769440704982489,0.012851813490855072,0.10856043277761813
2021-07-23,0.011230778157879517,0.013056254475484613,0.10854360216893362
2021-07-26,0.008472783827857188,0.013144252683084617,0.1155119608458632
2021-07-27,-0.015776914352476613,0.013471124260385336,0.08402606270978144
2021-07-28,0.0045960156529142315,0.013515039532379633,0.09990733425644778
2021-07-29,0.008354413216477941,0.013806501723291004,0.10605960313453915
2021-07-30,-0.014577379562254533,0.014880163307566047,0.07472026006004177
2021-08-02,0.006434112351889931,0.014853777994403452,0.08600664195075576
2021-08-03,0.007400464424554443,0.014793051909203483,0.08766564330073238
2021-08-04,-0.0020771817680525382,0.014734566129070873,0.07546408263392479
2021-08-05,0.006229213557918456,0.01436574790048219,0.07178837672046834
2021-08-06,-0.007933702799879505,0.014271424619276774,0.05773548230434842
2021-08-09,0.004891729512964349,0.014257434056766615,0.06990436604337605
2021-08-10,-0.004461128116866919,0.014110795924258004,0.051882078040183945
2021-08-11,-0.002390641085785994,0.014050449880518474,0.04757064726218259
2021-08-12,0.012260125398943255,0.014219037746514293,0.061026354413073025
2021-08-13,0.0011740304276420144,0.014257768978793797,0.06165425917919627
2021-08-16,-0.003590402924649738,0.014160758435141599,0.03938667698544862
2021-08-17,-0.014066744390660645,0.013777114480030567,0.01778216021294634
2021-08-18,-0.003617703129295191,0.014023076478073809,0.01204154371500632
2021-08-19,-0.00038587752453185243,0.014077994381163089,0.013699138485429807
2021-08-20,0.012507045510951142,0.014321932753243366,0.022127783586866224
2021-08-23,0.0178192302541881,0.014441347126597375,0.029893905116377552
2021-08-24,0.003353529583907067,0.014360277114617136,0.035193836038912775
2021-08-25,-0.0005642597873622091,0.014118556157437106,0.03196117709244432
2021-08-26,-0.005741603197624534,0.014153434705893314,0.03320592436542955
2021-08-27,0.010580529552524087,0.014148121840120714,0.05255899884660782
2021-08-30,0.01911070826077115,0.01412104746738633,0.0860391846157205
2021-08-31,0.001529748167931344,0.013962806725619697,0.0709939381192228
2021-09-01,0.0016085351596909936,0.013916017478616299,0.07085276579862118
2021-09-02,-0.0029876745942016615,0.013846766347563313,0.05968351625543389
2021-09-03,0.0026554892100209447,0.013400077787322917,0.05074968918467264
2021-09-07,0.010284955371593286,0.013469986039626122,0.05272175755591355
2021-09-08,-0.0016377094725443576,0.013114288824769593,0.06777633082988228
2021-09-09,-0.005604245587246393,0.012804862460548872,0.057203560260470465
2021-09-10,-0.01715676112058535,0.013162299500351582,0.029346085343121532
2021-09-13,0.004849662127992848,0.011618352704936021,0.04956500429705999
2021-09-14,0.0002573279982955867,0.011504498684367379,0.04312630969108544
2021-09-15,0.01177067477519773,0.011603756034631343,0.04777781643185595
2021-09-16,-0.00017113345858843498,0.011599652434331472,0.049754889260196666
2021-09-17,-0.011902827362707624,0.011971591158388742,0.030841500121653143
2021-09-20,-0.02483163796653094,0.012795402442786713,0.013280190726396968
2021-09-21,0.0032788547506051426,0.012730197226995657,0.011618927441808702
2021-09-22,0.013313645099854377,0.012903659147855101,0.029694123900309677
2021-09-23,0.0059090991093336594,0.012912771765462716,0.03823739127320267
2021-09-24,0.007461297203091943,0.012833394602599319,0.03347799404723202
2021-09-27,-0.003946816438483625,0.013015170203559523,0.028619131708378577
2021-09-28,-0.02819596842705272,0.013789108892119581,0.00473861602937724
2021-09-29,-0.00046944314267858276,0.013476389928835509,0.019375664303929563
2021-09-30,-0.00680225698339707,0.013134573897289134,0.015023311984282839
2021-10-01,0.01083317652188569,0.01318532613368062,0.026790545352932772
2021-10-04,-0.017355089120937573,0.013489742090617266,-0.0025259809280868462
2021-10-05,0.012076575548204094,0.01328335059834738,-0.00937108507551292
2021-10-06,0.009641466490049887,0.013382027974524733,-0.003389646275270297
2021-10-07,0.010670686311304856,0.013507889216602847,0.007778217247017083
2021-10-08,-0.0026219123948012955,0.013450843075838922,0.010937692585293157
2021-10-11,-0.00272488327805287,0.013330066861386386,-0.0022150121748288677
2021-10-12,-0.0027436821784144307,0.012856270665349367,-0.02319607268498376
2021-10-13,0.006761104639458737,0.012881829543996512,-0.01817117248183515
2021-10-14,0.016314251479373886,0.013314042215021282,-0.0038131128094967435
2021-10-15,0.015429726081204631,0.01375212008010399,0.014975118663693786
2021-10-18,0.015018383899619226,0.014024860686126617,0.028127080302612194
2021-10-19,0.002778012883197678,0.013926896377891556,0.019660803427529093
2021-10-20,-0.0032447345455220767,0.013944359661150568,0.01800803596582834
2021-10-21,0.01032193541448283,0.014071339837880304,0.03486952090771718
2021-10-22,-0.010458674961689706,0.013929817839793825,0.04342509485050812
2021-10-25,0.023505773464974865,0.016190851253298614,0.0673768084305314
2021-10-26,0.007009021653840586,0.016309498955648188,0.07327027049126308
2021-10-27,0.022500715607179655,0.01712155599502066,0.08410898172132872
2021-10-28,0.015962990022706937,0.017421232999144245,0.10290384982796263
2021-10-29,0.006425364879738704,0.017503064634530403,0.12474072196179131
2021-11-01,0.005136803735585005,0.017520990646095677,0.1679452507671435
2021-11-02,2.584034655983558e-05,0.017823764037045567,0.15957422418463407
2021-11-03,0.015529811197739819,0.0178796302019262,0.1635567717121722
2021-11-04,0.011179870237430434,0.018012681679841776,0.170198515249528
2021-11-05,0.0024227292911874975,0.018082497955570726,0.16117975218818653
2021-11-08,-0.011702373600805926,0.01836903445881997,0.14646713635082825
2021-11-09,-0.019255396478924845,0.01893602017910389,0.14806764736709327
2021-11-10,-0.007542341509139216,0.01951301569765974,0.14190188086833158
2021-11-11,-0.0006362347973452032,0.019409235569485133,0.14892794291897124
2021-11-12,0.006816888027901924,0.019491062251664703,0.14266409686662945
2021-11-15,-0.00338840427167193,0.018807670609739934,0.15712242347948888
2021-11-16,0.010482370709733391,0.018737611326929797,0.15699825167391462
2021-11-17,0.010634131890749243,0.018770028923654418,0.15940391965814596
2021-11-18,0.01903625860386695,0.019266703580070745,0.16796989332264212
2021-11-19,0.009622374192825078,0.019326746475054973,0.18437980836124757
2021-11-22,-0.007024007874602156,0.01958991190523901,0.18014917745470274
2021-11-23,-0.009344164325924465,0.019701098946575395,0.16893313281183403
2021-11-24,0.0025342216102080873,0.01964748073396125,0.1643136513239814
2021-11-26,-0.026939930029306704,0.020370787048405975,0.11495589920409346
2021-11-29,0.026733127081061615,0.020608935681217667,0.1278844258741989
2021-11-30,-0.003959391384210753,0.021014929038416723,0.10687344815093977
2021-12-01,-0.014448491631444705,0.02126780066077107,0.08673397641731147
2021-12-02,-0.00113771499110904,0.02131178253116315,0.08804428412446175
2021-12-03,-0.023235090506612897,0.02183825010549022,0.04971010755382845
2021-12-06,0.008936959562597746,0.02156662001573571,0.06956509885430173
2021-12-07,0.03225925089163169,0.02113629213622631,0.0802139727529255
2021-12-08,0.00909716709620707,0.021148955828602177,0.08265631589517342
2021-12-09,-0.016897426967703,0.020540479916740267,0.04215053166956961
2021-12-10,0.012148872968080805,0.020644017222890103,0.03885525588641647
2021-12-13,-0.02193306520995488,0.020606925714521978,0.011668249203690828
2021-12-14,-0.012950969718815574,0.019968689224735416,-0.002827847116397386
2021-12-15,0.021709933406583736,0.02027920950453823,0.017872115580456937
2021-12-16,-0.03158946932559361,0.020952969200826895,-0.027943861529226878
2021-12-17,-0.0031666840956835695,0.02082767266940484,-0.04168110119536683
2021-12-20,-0.014648194416983663,0.020951501610711284,-0.057383495230834455
2021-12-21,0.02363784566487066,0.021307622761352528,-0.026098294634581798
2021-12-22,0.026494047493782612,0.020697356841530255,0.016737789244564438
2021-12-23,0.01386883248315871,0.02044016264226052,0.03880639286006271
2021-12-27,0.013993845714699282,0.020657017001273724,0.054411153174973116
2021-12-28,-0.003334632956266259,0.020442843230778596,0.04375609846380688
2021-12-29,-0.0016628643359097195,0.020398410386475423,0.04587289003813444
2021-12-30,-0.007050024772776542,0.02030546596376708,0.027495229014083012
2021-12-31,-0.009139586464181693,0.020266757110441153,0.007393091039074817
2022-01-03,0.03574670338373169,0.021440653576775083,0.02357097457267445
2022-01-04,-0.01853398721116195,0.02161514479055112,-0.005980035166817799
2022-01-05,-0.03664556859488453,0.022543651789274848,-0.03605722952222205
2022-01-06,-0.010605893532349486,0.022515906994494926,-0.03758667721848221
2022-01-07,-0.0087078854296879,0.022599076808406296,-0.04830651939048587
2022-01-10,0.007336163718083077,0.022115135211925662,-0.014758944513799221
2022-01-11,0.011334247746543147,0.021743497191858523,-0.029354530243737152
2022-01-12,0.012698759364032197,0.02153699409439645,-0.01404008305740292
2022-01-13,-0.03462327497504014,0.022283225110983972,-0.03413702257973135
2022-01-14,0.01050073626119774,0.022343491151852114,-0.022989487379978413
2022-01-18,-0.021252210995309717,0.022297693623708113,-0.020638090534972696
2022-01-19,-0.015112892235045371,0.02236454443594387,-0.04438134588454119
2022-01-20,-0.01168972598399085,0.021544277475840597,-0.08501295725707922
2022-01-21,-0.03309509798007419,0.022329392287981926,-0.123243836721498
2022-01-24,-0.00032866533103352856,0.022164311835048897,-0.10840901603832305
2022-01-25,-0.02231173824764112,0.02210228223005593,-0.13877056375394478
2022-01-26,0.011755648255256079,0.022178010500888544,-0.10838518565438597
2022-01-27,-0.020838258372385267,0.023037096854113533,-0.11724587746841095
2022-01-28,0.0366875464673758,0.0242379277839653,-0.10407456991573334
2022-01-31,0.03904620034714146,0.02491730212022438,-0.039040511020985824
2022-02-01,0.002835610202344374,0.024943486401081193,-0.033420196389181325
2022-02-02,0.013236435123511048,0.0259071815148862,-0.006267679534619863
2022-02-03,-0.03660161956686538,0.026847494647877845,-0.06370061020616458
2022-02-04,0.037355582055175154,0.02868251318410898,-0.056703547207454186
2022-02-07,-0.012906259793137531,0.028569493426973937,-0.0809397445399469
2022-02-08,0.014012692602794452,0.028453143600825608,-0.08065240720431821
2022-02-09,0.011063664857091381,0.028628990688758644,-0.06751002445307974
2022-02-10,-0.0231952294876999,0.028943259204668875,-0.08745055787169313
2022-02-11,-0.03218906162582229,0.02943822824742818,-0.1103997967576881
2022-02-14,0.008218999178329845,0.029499787784005898,-0.0951084653245152
2022-02-15,0.022326331970426373,0.0282783467962811,-0.10447431632023634
2022-02-16,0.003382394147247192,0.028133239641283492,-0.08510290417422521
2022-02-17,-0.032209730618882215,0.027885460165090848,-0.08082856505724914
2022-02-18,-0.014093546231086718,0.027900757751031173,-0.08410625670157408
2022-02-22,-0.016036413742974442,0.027998741390763204,-0.0909841351971358
2022-02-23,-0.03492731772145641,0.02848734557760745,-0.1273093356000162
2022-02-24,0.04018764814541624,0.029581710638874815,-0.10297624199064861
2022-02-25,0.012589772408470123,0.02949613757929318,-0.10197431563716368
2022-02-28,0.016874139184169867,0.029325231145870302,-0.05733171684374745
2022-03-01,-0.010915722766625956,0.029276287590803897,-0.07723562156118388
2022-03-02,0.013227547438943077,0.02918479128009862,-0.044751366407096135
2022-03-03,-0.01893222533976402,0.02924649533232352,-0.04818685600304429
2022-03-04,-0.014045196303529739,0.02929526153785892,-0.05052716965199584
2022-03-07,-0.039967251256208036,0.029589855463735354,-0.057649431955230424
2022-03-08,-0.0005468735950485248,0.029665164708911385,-0.05855527174674826
2022-03-09,0.03929561028820956,0.0303885511308745,0.0009140045225051185
2022-03-10,-0.0029270662353100495,0.030622498278498934,-0.013066286114109227
2022-03-11,-0.024520408759842606,0.029958514911422908,-0.016560828705472354
2022-03-14,-0.026273983384164756,0.02903581461694644,-0.0761424233543112
2022-03-15,0.03588317108961503,0.028532380671161088,-0.07801263497938934
2022-03-16,0.03451462914563419,0.029286273522614748,-0.04924604949129989
2022-03-17,0.015561277056598887,0.028552964903332312,-0.04618556307423667
2022-03-18,0.023986161861463184,0.027883003593317003,0.015528556428739715
2022-03-21,0.004609330820255275,0.025843424077434212,-0.017778840139097453
2022-03-22,0.03298894399776793,0.026450575465850314,0.028037144815328152
2022-03-23,-0.004400560767239869,0.02637996540401332,0.009378143708658415
2022-03-24,0.015642469040114636,0.026477204457212543,0.01393102026103934
2022-03-25,0.0013398722096797267,0.026069088496600428,0.039415820885562614
2022-03-28,0.026511195261199938,0.025861825537817674,0.10438472057400028
2022-03-29,0.0101432879287072,0.025919120441502776,0.10586485441952923
2022-03-30,-0.007683761192458083,0.025702111232508505,0.07262056075525192
2022-03-31,-0.018106403093209524,0.02597376365422105,0.04979693923703747
2022-04-01,0.003921465474141428,0.025129284619363472,0.08981732760376593
2022-04-04,0.029427229835690884,0.025362491931199528,0.1393339745073809
2022-04-05,-0.024275650914195368,0.025583411448527448,0.1298933025219374
2022-04-06,-0.03156173007115468,0.025367540219121167,0.13544149603746486
2022-04-07,0.0016190905848787907,0.02433376497159595,0.0935273360753924
2022-04-08,-0.019353217829625756,0.024583123763411117,0.05850720617797485
2022-04-11,-0.03367620600944075,0.025044406702085586,0.0035373101317387246
2022-04-12,0.00015512287493406606,0.02499321695526433,0.015150266330306472
2022-04-13,0.024106569986975402,0.025224278690786965,0.026258996134747935
2022-04-14,-0.028527210345554322,0.02544634682656561,0.017157429358712985
2022-04-18,0.007059262768241803,0.02528895673821526,0.03888556809939114
2022-04-19,0.021614118756589827,0.02423812720815046,0.10613615996737473
2022-04-20,-0.017608253057232303,0.024596600598855163,0.08504148918439683
2022-04-21,-0.010825126534950403,0.023880523035438132,0.033857514560146386
2022-04-22,-0.024753161653267575,0.02386475078896395,0.013129713047901581
2022-04-25,0.012968158241692418,0.02361546605418747,0.05225102227498697
2022-04-26,-0.055653996433610395,0.025514804152913184,0.017361250951816575
2022-04-27,0.001392018814021001,0.02518550968914297,-0.016526527251669965
2022-04-28,0.02935533217714261,0.025390865507945247,-0.022543669009022403
2022-04-29,-0.05276740532039157,0.028006414693748243,-0.08728467339100754
2022-05-02,0.01748016638988803,0.02789808988408541,-0.09280264927118309
2022-05-03,0.0023233000734792066,0.027899840214803406,-0.09503644683469156
2022-05-04,0.03465589791030439,0.027992333935780832,-0.09333379674457216
2022-05-05,-0.06104852837594295,0.029914776784880352,-0.1447795599293092
2022-05-06,-0.006802553933621613,0.029619337652975065,-0.16380622444928084
2022-05-09,-0.048190217537791916,0.030649760394546456,-0.20479037254921986
2022-05-10,0.013704645448080522,0.030030125537905454,-0.21315945592682456
2022-05-11,-0.0413113877897336,0.030677211619999967,-0.2534109622130646
2022-05-12,-0.009382480316923347,0.030836770137687364,-0.25596780506279604
2022-05-13,0.03946656750495152,0.032061575925929287,-0.21341115350448966
2022-05-16,-0.0203326642408181,0.03217356655834162,-0.23134841093736683
2022-05-17,0.03120609804229719,0.03223970299340081,-0.23008403390484733
2022-05-18,-0.056158246389239566,0.03330501533338765,-0.25518671471330245
2022-05-19,-0.00810120421761198,0.03307909048876425,-0.23790901567088776
2022-05-20,-0.015109177621635217,0.033233925332585575,-0.24965243054115122
2022-05-23,0.022418702082447138,0.03380384380010032,-0.21734630313443523
2022-05-24,-0.03481155020372608,0.033923410922490085,-0.2169206184503209
2022-05-25,0.017045395003628627,0.03424683982488739,-0.20473526267953845
2022-05-26,0.033885178544107795,0.034688284689692844,-0.19842269415122465
2022-05-27,0.04405910111463185,0.0356523541174238,-0.13963110268299547
2022-05-31,0.008935276374148904,0.03582414266248658,-0.13854970482615792
2022-06-01,-0.001806976131282001,0.03552306800869772,-0.1575089412700707
2022-06-02,0.027143846862939646,0.03588953175951245,-0.12132664818593719
2022-06-03,-0.03974790221420936,0.03632266186968649,-0.14423457580108673
2022-06-06,0.011283099314658008,0.03610156526550802,-0.11203444624602595
2022-06-07,0.004511498880302156,0.03597093019600707,-0.12013861493424442
2022-06-08,-0.0029311204851515393,0.034513831393696986,-0.07339239863410449
2022-06-09,-0.025460525959827108,0.03433543958753274,-0.09787242056970032
2022-06-10,-0.04046779425327307,0.03430620937510413,-0.15901839963936362
2022-06-13,-0.049831561970398154,0.03327772085883545,-0.15549154928402648
2022-06-14,0.005936438284257428,0.03304640834376227,-0.16516182313683359
2022-06-15,0.037126308177406295,0.03393333067664021,-0.13664458273504046
2022-06-16,-0.04465274593420698,0.03379283883670063,-0.20143314215688984
2022-06-17,0.014962582133978896,0.03239983338756629,-0.13756179537654759
2022-06-21,0.04302536085025479,0.03361240474574131,-0.09565871100186588
2022-06-22,-0.0016522541921154764,0.032467991831964894,-0.05174641291289137
2022-06-23,0.015740853890280727,0.03256409869931932,-0.04936130591748842
2022-06-24,0.03814911528547542,0.03236769117804944,0.028952974435662783
2022-06-27,-0.011934260996134326,0.032346102815467466,0.025611983046464705
2022-06-28,-0.03920329040667938,0.032339787212183495,-0.05182193767810024
2022-06-29,0.004249027974618569,0.03214558380456113,-0.02810287663850808
2022-06-30,-0.019636556626725275,0.03176486963080584,-0.0757496245568742
2022-07-01,0.013754603163499857,0.030173533761627857,-0.00733148610834442
2022-07-05,0.026928754354936225,0.030516511407465745,0.027656029145481577
2022-07-06,0.007107814824127745,0.030216263470953207,0.05091456842443929
2022-07-07,0.028350554850837463,0.03022698076082181,0.05727858452648893
2022-07-08,0.005080918804475298,0.029288583632253194,0.10247179615114224
2022-07-11,-0.0311233634312043,0.0298058908704918,0.04911330691665809
2022-07-12,-0.015307351303251338,0.029483945380189974,-0.000502268783712978
2022-07-13,-0.0003669532708425294,0.028402963933580595,-0.04329739352406017
2022-07-14,0.004892834880553876,0.02823443033678018,-0.04691615222328758
2022-07-15,0.013673483692185417,0.02832937142157631,-0.03209363415266597
2022-07-18,-0.010199208232507839,0.027946685029064878,-0.06738964402795788
2022-07-19,0.030232864530439364,0.02746441306383695,0.0013100824181192516
2022-07-20,0.014291447561344128,0.027558436182700936,0.004121985007523188
2022-07-21,0.02834221278429121,0.028305617683533284,0.028639473903316847
2022-07-22,-0.019421406334220116,0.028741198216110042,0.012157030286669835
2022-07-25,-0.008268006658079318,0.02824307062168918,0.029756488782781764
2022-07-26,-0.02933568214714046,0.027678503611427163,0.04153859632101777
2022-07-27,0.05859043274573796,0.02798363432143137,0.16031998518435814
2022-07-28,0.015065074729504779,0.02803674703771548,0.17059326774000677
2022-07-29,0.045661576781068414,0.028822317053916285,0.1806954166171581
2022-08-01,-0.004948446047040011,0.02714891017569775,0.23220698631880182
2022-08-02,-0.0032723401808454123,0.02722841969753114,0.21005344881986393
2022-08-03,0.030863056177357028,0.0266103609107453,0.19502704718678127
2022-08-04,0.005813293793779062,0.02659234374355702,0.2043211287441297
2022-08-05,-0.017761549362177442,0.027048417728996483,0.16302180719584292
2022-08-08,-0.003111461258886128,0.026336410631061746,0.11718730074266874
2022-08-09,-0.006818333320907044,0.02626266117013144,0.12252395118167211
2022-08-10,0.0301967710965275,0.025326917524695975,0.2045851231675512
2022-08-11,-0.011926593217441073,0.025468179655315604,0.18484802028367736
2022-08-12,0.025960360237228343,0.025253126179903614,0.2403972376088313
2022-08-15,0.008670159385581444,0.02523085379197363,0.23390376825800335
2022-08-16,-0.000872672277828479,0.02494769919971635,0.20060766674447458
2022-08-17,-0.007680190779461337,0.025071691173072407,0.1835673475691732
2022-08-18,-0.0006704568704818392,0.02464098192272495,0.14968932456768033
2022-08-19,-0.020534198947320982,0.025026518409817355,0.12018640348805379
2022-08-22,-0.027346309733572282,0.02478722334766804,0.1254840497367808
2022-08-23,0.003097815202908083,0.024354358356728955,0.14682446083865847
2022-08-24,0.00029340094029854934,0.024257870212638265,0.14659812235059574
2022-08-25,0.014921384010265326,0.024357697813335605,0.15735922202453206
2022-08-26,-0.04097992624234346,0.025784590530727635,0.09524826619741025
2022-08-29,-0.010277843045922497,0.025708085707630658,0.09455315885565785
2022-08-30,-0.012275656075624152,0.02529604711647735,0.04929557774421216
2022-08-31,-0.00913998814382977,0.02519122341060564,0.024818963865072253
2022-09-01,0.005713322118613551,0.024141384365032804,0.001794235196103
2022-09-02,-0.015000300798663168,0.023791449132443403,0.006356949187693739
2022-09-06,-0.004846220146233237,0.023823239921818014,0.009814048112663754
2022-09-07,0.022724334382922474,0.023408009258700097,0.0645709624612841
2022-09-08,0.0008992549937476335,0.020633401582250112,0.006965760963106993
2022-09-09,0.025071974278982,0.020865141205402945,0.01715821025278357
2022-09-12,0.017672956659377535,0.019041215467891358,-0.0104946045717484
2022-09-13,-0.05671963653105685,0.021774568076106983,-0.06204225028277906
2022-09-14,0.013300434820507334,0.021955175189598653,-0.04627688880109822
2022-09-15,-0.01596902516299963,0.021257598057293024,-0.08924938622234399
2022-09-16,-0.0075462230945938956,0.02120090927424435,-0.10121831692829134
2022-09-19,0.010962868977130414,0.020780793083620012,-0.07285802137016492
2022-09-20,-0.006487882287548308,0.02089544401875744,-0.07597076764561987
2022-09-21,-0.021730261778081038,0.021070294598232463,-0.08934883655766908
2022-09-22,-0.008037081092418807,0.02044452135662129,-0.12464270234362992
2022-09-23,-0.023568235368207645,0.020760415963091618,-0.13520776988872443
2022-09-26,0.0018045652774312249,0.01998081436616982,-0.15597760591029378
2022-09-27,0.0028085186969141196,0.01987437346746914,-0.160804449409513
2022-09-28,0.016378420591265798,0.020439760663713665,-0.14653309526056157
2022-09-29,-0.037103363001589805,0.021424679665653708,-0.17268497000438712
2022-09-30,-0.018858394253682343,0.021542800868490756,-0.1875914240517054
2022-10-03,0.007003288773432481,0.023097734498372043,-0.1662438805350282
2022-10-04,0.032770506086479224,0.023776447012728918,-0.11460383525226317
2022-10-05,-0.00689623206670058,0.023788207228943425,-0.12295694489490375
2022-10-06,-0.006579614378127508,0.023782879021202748,-0.12887348484534955
2022-10-07,-0.04510897992138665,0.02459505669678932,-0.1804360026612915
2022-10-10,-0.007103736358225166,0.02361113166082515,-0.15129592255907384
2022-10-11,-0.01515444866636897,0.023673075230089127,-0.1552239094198309
2022-10-12,0.0020761590169337653,0.023667274146623864,-0.14322604844342002
2022-10-13,0.02078822720975313,0.024283549953971736,-0.11743078489738097
2022-10-14,-0.04144253711002379,0.025196076570377413,-0.15807799159462071
2022-10-17,0.047637694416325,0.026946769605635513,-0.10545114029755695
2022-10-18,0.009582049978573126,0.026996149218797588,-0.09189643815679557
2022-10-19,-0.004340312642869315,0.026578089184820304,-0.11593387985693526
2022-10-20,-0.013232056151065107,0.026795409409200603,-0.1262885655893075
2022-10-21,0.02676008364138993,0.026871301214975933,-0.12476053606455453
2022-10-24,0.0078099493381786015,0.026636496677332665,-0.13229184707149297
2022-10-25,0.022326608563511385,0.024942058480151387,-0.060233465066389935
2022-10-26,-0.04383386429044171,0.027181020714694935,-0.1150149032416476
2022-10-27,-0.02348038388637628,0.027422171348583796,-0.12195250840132335
2022-10-28,0.02142050016570567,0.029255926918530517,-0.0951358988532092
2022-10-31,-0.012684207698159944,0.029179378730170225,-0.11662739661012726
2022-11-01,-0.02625455939103838,0.029635019213533488,-0.13483542762628636
2022-11-02,-0.043193821854130454,0.030308432665972627,-0.15351902741227136
2022-11-03,-0.027752960330514952,0.030683448444277207,-0.17224485042582485
2022-11-04,0.010306957651457083,0.03098677380988485,-0.14361221815111497
2022-11-07,4.132068871094407e-05,0.03127315252699679,-0.14315882992659998
2022-11-08,-0.0044412553311791395,0.031185570380231842,-0.14735486551956387
2022-11-09,-0.03687131844610465,0.031357833202163635,-0.18947328543733416
2022-11-10,0.08855369006981073,0.03536543931309982,-0.08546341198469257
2022-11-11,0.02662751121679414,0.035590200624038594,-0.043054371099730024
2022-11-14,-0.017557244058572195,0.03483974011416045,-0.06922177120971276
2022-11-15,0.012996180068879416,0.03437997284983687,-0.0868145037276977
2022-11-16,-0.011862816328333903,0.03442342080519994,-0.09109540700042226
2022-11-17,-0.007125592021385185,0.03446012884499881,-0.09047530243357386
2022-11-18,-0.006266212401866311,0.033493900629395376,-0.05374009541206519
2022-11-21,-0.02464800366426856,0.033867383133530174,-0.06843231311841343
2022-11-22,0.01245914582659271,0.03385935905090768,-0.04269280538532725
2022-11-23,0.023811653896547203,0.034474127456082776,-0.02401986723735645
2022-11-25,-0.007923689545336376,0.03421225529877112,-0.05285193381594892
2022-11-28,-0.01155501465846136,0.033516483077242004,-0.025884227479549216
2022-11-29,-0.012745563160824447,0.03225570411637796,-0.08072991437833568
2022-11-30,0.058485806371963635,0.03407290676179838,-0.03592948359220012
2022-12-01,-0.0021289869298382947,0.034034122681197335,-0.033373646998856234
2022-12-02,-0.004209058139444055,0.03368294844274595,-0.02459715176978523
2022-12-05,-0.02665481751680805,0.03369240923605469,-0.07383317922434443
2022-12-06,-0.023109158945727116,0.033809866191178616,-0.1028585849643741
2022-12-07,-0.013528723901783835,0.03349167380670508,-0.13419417770913886
2022-12-08,0.005898923903512032,0.03180819695371871,-0.08607026837223875
2022-12-09,-0.00048580091920260584,0.03159173306611681,-0.0652479335809137
2022-12-12,0.0008236282733254496,0.03042303492874645,-0.08361243270294957
2022-12-13,0.005919635306771487,0.030558466532793982,-0.0635537441440374
2022-12-14,-0.011169458106633811,0.029963360724787703,-0.04640681813105083
2022-12-15,-0.03033702573874959,0.02981424004980815,-0.0368821543978912
2022-12-16,-0.018477656569612512,0.029314571112694966,-0.02421715045008841
2022-12-19,-0.01785212552845672,0.02919927888603825,-0.055406707324824556
2022-12-20,-0.013142596729558798,0.029319490256246483,-0.06746388189677781
2022-12-21,0.011570905523411534,0.029427724249666158,-0.05338598176057115
2022-12-22,-0.038557883208779266,0.029545569229287992,-0.05441096634440976
2022-12-23,0.0032184922192234565,0.023774849605494995,-0.12782360165352483
2022-12-27,-0.03638515531691951,0.023899727408949457,-0.17654371471294436
2022-12-28,-0.00764392824206217,0.024133347482542356,-0.17129172364061687
2022-12-29,0.03877479432052437,0.02522458188157508,-0.1522814709317082
2022-12-30,0.0008140024346851682,0.025194400227106655,-0.14363697193151442
2023-01-03,-0.025814812675494524,0.02621422108036236,-0.15557072351442847
2023-01-04,-0.00035466738311489275,0.02686779204977121,-0.1551856707841321
2023-01-05,-0.022870279532612003,0.026813418314009695,-0.1557859055492568
2023-01-06,0.024413375543506487,0.027289785977755637,-0.1459936766663795
2023-01-09,0.019165922947033343,0.027062432317077667,-0.14906148298718053
2023-01-10,0.007533724510726536,0.027184367540669396,-0.13467278293947926
2023-01-11,0.036252624330565066,0.02812074294670488,-0.09211557319661137
2023-01-12,0.002282587589113283,0.02804481722890676,-0.0782125304438606
2023-01-13,0.008905700004766048,0.025567858161767754,-0.11896130586904212
2023-01-17,0.011519203663726918,0.026163657001282613,-0.11093067534343481
2023-01-18,-0.010574749975781228,0.026183789909982512,-0.11566991899366541
2023-01-19,-0.005195594059883568,0.025971134283516946,-0.09775628436825334
2023-01-20,0.03912634166620146,0.02682416849755717,-0.040117231996686
2023-01-23,0.026316692307988675,0.027298471735142972,-0.005330995193794363
2023-01-24,-0.004887679394637856,0.027300718517977607,-0.016845582770812696
2023-01-25,-0.0046622688198938,0.02727755722008234,-0.019702068429136375
2023-01-26,0.04006722564101817,0.027967198263877148,0.014869785279428949
2023-01-27,0.034747838384237936,0.028531953116827585,0.043780781381129376
2023-01-30,-0.029241020131319063,0.028978704305238655,0.024524419168632638
2023-01-31,0.022930737327317006,0.028096400750181265,0.08093418276629769
2023-02-01,0.022158025929343506,0.028000310596226208,0.1262272413740754
2023-02-02,0.05366960436512902,0.029453514222649246,0.20877445978522022
2023-02-03,-0.020385313030529994,0.030360927021213308,0.20111775813849553
2023-02-06,-0.005705868532621316,0.030480327478521398,0.1825364731666339
2023-02-07,0.023434291209039327,0.029765673599501573,0.26162204999542293
2023-02-08,-0.01899925232103459,0.030700804147261684,0.23823505676532256
2023-02-09,-0.010116372179578993,0.029604719129456447,0.2886588215224649
2023-02-10,-0.012173803424748608,0.029608273351158742,0.27220236804077597
2023-02-13,0.011763508503473675,0.029247954236983932,0.23289498805904102
2023-02-14,0.015263338298906692,0.02947049585388125,0.25490644216631086
2023-02-15,0.01365431075174659,0.02754392885900379,0.3238304448831426
2023-02-16,-0.027700722244259124,0.02795858893846609,0.27609724692598675
2023-02-17,-0.002787937546233876,0.02749753284804632,0.30752400959881426
2023-02-21,-0.03083438189739527,0.028136929573804793,0.23375961201805348
2023-02-22,0.005451134658444645,0.028011906086403787,0.21416717877867714
2023-02-23,0.0028594226336934757,0.0279170882398335,0.21099207312959276
2023-02-24,-0.02180999401652848,0.027652435548751974,0.1430726663471565
2023-02-27,0.015540905999765719,0.027733895452552358,0.1625299284566246
2023-02-28,-0.0017052143645771788,0.027611600927484332,0.1518754188760453
2023-03-01,-0.011939581606424277,0.027519120183869577,0.11785360856405888
2023-03-02,-0.003408218207712288,0.027834748423543935,0.12109611083341816
2023-03-03,0.027165879141426118,0.028051826136112012,0.15929606989506273
2023-03-06,0.0016582790057434681,0.027389770022875116,0.11532235793341013
2023-03-07,-0.0144085699600222,0.02717323901772859,0.06639473103062528
2023-03-08,-0.0031405194029283435,0.027224347004030203,0.06592177651530359
2023-03-09,-0.02170051949710312,0.027520056886954712,0.04610539027750913
2023-03-10,-0.01208748957525434,0.026497133500639126,-0.007208931580257261
2023-03-13,0.012947269510209969,0.02543578714228966,-0.027967987612175116
2023-03-14,0.02987264255991846,0.0253569248550861,0.0316904590296548
2023-03-15,0.008360814722220144,0.025185725234507926,0.01653246102046968
2023-03-16,0.032668980562067775,0.02563340864451647,0.026820732183885677
2023-03-17,-0.002684119533087492,0.023494476944815313,-0.027140245572765287
2023-03-20,-0.0018859829306627995,0.022269853881820123,-0.009529533342258433
2023-03-21,0.032414106976800514,0.02301091582529578,0.027804727177969845
2023-03-22,-0.016169315777945937,0.022541525589944163,-0.011895017507665483
2023-03-23,0.010792585876763105,0.02154410957571967,0.019113467237863824
2023-03-24,0.0003957996041432654,0.02097811484899028,0.03157020320813111
2023-03-27,-0.009810903758972311,0.021030092536461965,0.03265661170313461
2023-03-28,-0.008783459315829512,0.02077721424842339,0.011680349245496213
2023-03-29,0.019656527488164245,0.020598497954631922,0.01711420374322581
2023-03-30,0.008451093354202332,0.020461325226943338,0.012100686956010898
2023-03-31,0.02675497645542233,0.020320701724817335,0.06756215720141374
2023-04-03,-0.0119248778898845,0.020462214036483815,0.059402807279446954
2023-04-04,0.0007638451402617319,0.019533823080585606,0.09355008959290453
2023-04-05,-0.017528780520652855,0.019866894917979588,0.06983968673404824
2023-04-06,0.0151709170281352,0.020117176885876463,0.08410352343965558
2023-04-10,-0.008741557875533124,0.0197672724480936,0.0979428743915127
2023-04-11,-0.010033057098245535,0.019807366782280095,0.07104954118099312
2023-04-12,-0.012627139123477482,0.020011168296486876,0.060084553624902504
2023-04-13,0.03191363953022184,0.020583610770309204,0.10659614640823303
2023-04-14,-0.0010484686971215407,0.020255979124866503,0.10738087247372197
2023-04-17,-0.000789929198740702,0.019863790250138673,0.07701996214656563
2023-04-18,-0.005346897640962456,0.01978638555554442,0.06909572058556368
2023-04-19,0.0007100769762908632,0.019597661079029674,0.0855260410258164
2023-04-20,-0.02109205607533975,0.020526672171782383,0.06717567719020497
2023-04-21,0.006660459882360303,0.0201904204929735,0.09685233435688752
2023-04-24,-0.005821853301738056,0.01995973847596736,0.10477879749676285
2023-04-25,-0.01956296777401949,0.020398941826397527,0.0686897302999129
2023-04-26,0.01029034841273233,0.02086315885667094,0.05097439337500087
2023-04-27,0.03716502199932559,0.021767702317162352,0.07958749302805626
2023-04-28,-0.0001767395165579444,0.021296445173362388,0.0435213624608803
2023-05-01,-0.010940662134790812,0.021394510868708732,0.034457452959212695
2023-05-02,-0.0036260113461480835,0.021240903562492138,0.03371326037193138
2023-05-03,-0.0013710585653629926,0.020146594429812974,0.0021813904313481513
2023-05-04,-0.0012751349272563273,0.019963738818734034,0.01637065803355995
2023-05-05,0.028682843402674418,0.02079356299820113,0.03315400661413666
2023-05-08,0.0051559384972365676,0.02088720319700323,0.03710826575972907
2023-05-09,-0.0054233987371768546,0.020651693577049712,0.042624358846373986
2023-05-10,0.019716379449442333,0.0210248723916635,0.07315538051772105
2023-05-11,0.015249160691118858,0.021123306228898082,0.06850773699660359
2023-05-12,-0.008394198017988774,0.021164238698237088,0.05160023309508073
2023-05-15,-0.002199940555562674,0.020502987031513813,0.023989243581653753
2023-05-16,0.010784508007623872,0.020237054449804157,0.04594232471186523
2023-05-17,0.0173561426578857,0.020529350776708775,0.06153746237471704
2023-05-18,0.016980149780509678,0.020315707187443986,0.09818983403265043
2023-05-19,0.00035704785230887824,0.020138550816414847,0.08080800901452004
2023-05-22,0.01197806755827704,0.020282295868274992,0.1026035877864699
2023-05-23,-0.014017265639269593,0.02028385135066197,0.09884216733931928
2023-05-24,-0.0033056935218047866,0.02012561510626342,0.10923721291077886
2023-05-25,0.012017005958264337,0.019666761938884857,0.08760368125579429
2023-05-26,0.02724770671872654,0.02018533961423609,0.11793655563222524
2023-05-30,0.010467336231072344,0.020218915085422645,0.13011291528096294
2023-05-31,-0.002074385919367527,0.020186284779281312,0.13368592730259388
2023-06-01,0.014293107164473583,0.020170529347800604,0.14901889411972097
2023-06-02,0.012813950508226002,0.018824546222053495,0.19117815412540703
2023-06-05,0.0060499595549662775,0.018715079350699007,0.19060231940571995
2023-06-06,0.0057973169307923515,0.018574203492729258,0.20544164604825155
2023-06-07,-0.020833639457223052,0.01895780998008943,0.20464269268915558
2023-06-08,0.0178144218860846,0.01773214719451167,0.21931769729835432
2023-06-09,0.008324239809086253,0.016860783319454297,0.1872162482071297
2023-06-12,0.018063081478332597,0.016645080877589927,0.2079327498532685
2023-06-13,0.008506614932895529,0.016270859800517918,0.23475026373985547
2023-06-14,0.00040133430292663694,0.016140997405852304,0.23917731876709522
2023-06-15,0.011313928513219107,0.01633767032030902,0.2529550612189798
2023-06-16,-0.005903902730590782,0.016500532912073457,0.24862285990528793
2023-06-20,0.008040663032693907,0.01583041113617283,0.22565612988619357
2023-06-21,-0.020368680316620758,0.01670820188332549,0.1906550138173461
2023-06-22,0.02379948367557496,0.016935002821898155,0.22627212251241305
2023-06-23,-0.011733161450259577,0.01679878240738818,0.18861895088699604
2023-06-26,-0.02709526396553532,0.017526092988041274,0.1361508957302935
2023-06-27,0.017134386758261712,0.017440340670923996,0.16861570576153184
2023-06-28,0.009760784565931657,0.017408424383146028,0.18395814671690208
2023-06-29,-0.0026978441323373126,0.017263754705312905,0.1699476729952579
2023-06-30,0.016068482977816156,0.017314668661490486,0.16652197491246867
2023-07-03,0.01085554549616865,0.01753072866663192,0.16415501178255665
2023-07-05,0.004153253423219394,0.017545212685003204,0.16719583460076934
2023-07-06,-0.007651205446716558,0.01751225329448881,0.1408791392935546
2023-07-07,-0.003914266026479573,0.017238495629850317,0.15237013582805997
2023-07-10,-0.01803642248636128,0.01757902875864074,0.13621285757098964
2023-07-11,0.0037381484007280807,0.01712863416206601,0.12766471582008276
2023-07-12,0.012466642203669664,0.016633478956399453,0.10922864915182147
2023-07-13,0.02318145693050271,0.01715262769846876,0.12033281998203735
2023-07-14,0.006146929496067344,0.017101352710844696,0.12892229487943885
2023-07-17,0.007250951119138427,0.017115046778157367,0.1222829925401316
2023-07-18,0.00720945488538498,0.017391080635217347,0.11502935802316332
2023-07-19,-0.001443643225569935,0.017497930358953962,0.10611003761175364
2023-07-20,-0.03873472058057128,0.019260873150211515,0.05357718774899358
2023-07-21,-0.003773302432318282,0.018418571234309483,0.07048259375756513
2023-07-24,0.009247017186326567,0.018225577670149345,0.0611450484517162
2023-07-25,0.0031262849521580317,0.018167562521121217,0.05508666462163847
2023-07-26,0.0027163433830433405,0.01884904175766054,0.03845008998027226
2023-07-27,-0.011670172929529099,0.018947232583804118,0.017864093560016968
2023-07-28,0.026810585892896553,0.019524508003589375,0.044612364901933474
2023-07-31,0.002363127499006512,0.019292589781996494,0.03577526431567544
2023-08-01,-0.010101899948712379,0.019265149983632008,0.03133501957311073
2023-08-02,-0.02379106114173002,0.019523042010709146,-0.00043841433971456565
2023-08-03,0.003324282001394496,0.019145785008240376,0.023237029024168642
2023-08-04,0.002879987920620253,0.02051625980322137,0.002023740272557406
2023-08-07,0.005208770405297392,0.02059889297429245,0.01962329108134795
2023-08-08,-0.006193343142092389,0.019916411580492586,0.04159877020937488
2023-08-09,-0.015784620068666433,0.01983353768494243,0.008289158683733233
2023-08-10,0.0038651559566428074,0.019733028251307478,0.002459114722880451
2023-08-11,-0.0037314552987985695,0.019699619840575618,0.001890370986241452
2023-08-14,0.007237871435383525,0.019487384203752883,-0.006121743509202715
2023-08-15,-0.015744470814638655,0.019030525696127586,-0.03046410766714793
2023-08-16,-0.01323768962424494,0.019133262498228686,-0.046937352623829545
2023-08-17,-0.010482394045926657,0.019120279651936335,-0.04858939382313634
2023-08-18,-0.008013667861148387,0.019185244239976536,-0.05293264504101225
2023-08-21,0.02323460357831344,0.019761198026009452,-0.01495945608103948
2023-08-22,0.004060719911022836,0.019788621823242574,-0.015145322609716395
2023-08-23,0.017342823454540347,0.01997946146865326,-0.010510952147460072
2023-08-24,-0.024636628163207754,0.01984965790768033,-0.05715354955743688
2023-08-25,0.014151780274679514,0.02008828516960027,-0.05032702192045409
2023-08-28,0.003967798881664808,0.019861056458182695,-0.052260742449022055
2023-08-29,0.03074133363394176,0.020471514493935566,-0.03062153318175993
2023-08-30,0.006032293287089652,0.020430086038166245,-0.023116330879740965
2023-08-31,0.005306713114654316,0.018958390980299424,0.02139200108650239
2023-09-01,-0.00847649421395722,0.019247044793777368,0.016305872072139092
2023-09-05,0.011531499231706021,0.019391769819278266,0.01805411299160655
2023-09-06,-0.01583646543156967,0.019662108552673294,-0.0010958890133026423
2023-09-07,-0.0031067003350659927,0.018782751359071117,-0.0067365500086198574
2023-09-08,0.003171063774085581,0.018621821031893842,0.00796845122759433
2023-09-11,0.03154360903347073,0.01923750146807774,0.011975708782532823
2023-09-12,-0.016444540863463763,0.019479961882501916,-0.007043206711744343
2023-09-13,0.010222437107127048,0.019531463948253704,0.014285146934733395
2023-09-14,0.008675940128128445,0.018938024829219625,0.048192679086304736
2023-09-15,-0.014031397307839621,0.019318440165745635,0.02931748880732683
2023-09-18,-0.0033651576876557064,0.01779247399751774,0.02240466219050432
2023-09-19,-0.0016968487045328385,0.017506532126825347,0.015468127128375465
2023-09-20,-0.021358610847164883,0.01804427292979224,-0.00011241298215156626
2023-09-21,-0.02154444264822166,0.0184437937140081,-0.0057753704381131145
2023-09-22,-0.009667506149142668,0.018629853430614962,-0.019696402978435668
2023-09-25,0.008184515433534757,0.018704971898840954,-0.008013963750104236
2023-09-26,-0.02233910908860095,0.019099561468860955,-0.036619767628769506
2023-09-27,-0.00126434783296423,0.01899495591626308,-0.022474763711342317
2023-09-28,0.00845025511052806,0.018900641093465266,-0.00030771497545032387
2023-09-29,0.004689866941403142,0.018780231535623915,0.015568663150475958
2023-10-02,0.01664272934975051,0.01899392880497385,0.04091211160489709
2023-10-03,-0.020727492546456318,0.018900455315077454,-0.004465568705762956
2023-10-04,0.02478512016731802,0.01946876060365485,0.016533276046284896
2023-10-05,-0.0010488623197046688,0.01914803065660753,-0.001978026129826804
2023-10-06,0.015158820764756298,0.018874169833137736,0.038458149540777045
2023-10-09,0.004284582938046055,0.01871885253407938,0.02797802233483455
2023-10-10,0.002886960105726688,0.018735334455145913,0.026933211774804212
2023-10-11,0.01079430182297778,0.01793860598849597,0.006589296077065487
2023-10-12,-0.004368822276605089,0.017903466019860596,-0.003930488438982138
2023-10-13,-0.0162734992488923,0.018051251710393425,-0.025178699011607165
2023-10-16,0.011867470288367144,0.017908265819185084,-0.004636278945983374
2023-10-17,-0.0021112906471259852,0.01761411061520838,-0.0180354878213415
2023-10-18,-0.01980446547643311,0.01763402008273711,-0.022207097780821815
2023-10-19,-0.018182731331018755,0.018199352996081785,-0.03649456530978794
2023-10-20,-0.021278618671214878,0.018492003292006103,-0.05992034422107142
2023-10-23,0.005394460930760392,0.01695552201274001,-0.08088302451252054
2023-10-24,0.011975800975049956,0.016943039410519597,-0.05491029238712497
2023-10-25,-0.03052302523150101,0.01905522336866961,-0.09286358387608544
2023-10-26,-0.02699529574885522,0.01956253548558045,-0.1250428313375735
2023-10-27,0.017747612359901653,0.020194746161584724,-0.0970991449257248
2023-10-30,0.008949458414561916,0.02066399846540261,-0.08510709666709564
2023-10-31,0.004526685612411319,0.020683236404989935,-0.079612448124152
2023-11-01,0.02295195363479059,0.020787469746689383,-0.037691986833007986
2023-11-02,0.021142296803978368,0.021022319911414566,0.0021097497525745636
2023-11-03,0.006156713062216568,0.020891462829018104,0.017273374127112294
2023-11-06,0.007834760115468908,0.0209123765600093,0.017282049250132568
2023-11-07,0.013144551764653655,0.02041791812284938,0.054791438593827804
2023-11-08,0.0030407654766028804,0.020347027581225134,0.05911255368091164
2023-11-09,-0.017340077493524796,0.020612004654776507,0.03426823425878787
2023-11-10,0.0218906261602116,0.02093610108472832,0.052263197283710004
2023-11-13,0.0030016701499629094,0.021026805059936343,0.03590634788693139
2023-11-14,0.023882279949351215,0.02097280758756271,0.08223630852737651
2023-11-15,0.003194010878770981,0.020612670701843687,0.05964455814721255
2023-11-16,0.0006220240524806408,0.020808921100157095,0.06245482471646724
2023-11-17,-0.001848922899226757,0.020758393033794294,0.04399476805242304
2023-11-20,0.00976783823124432,0.02083026770893969,0.049736273927231636
2023-11-21,-0.00040317788787351815,0.02097111105863102,0.045373598130328464
2023-11-22,0.0035943763745568402,0.021005741334843335,0.03863419363048204
2023-11-24,-0.003122863618051852,0.021017772514868974,0.03933591179570346
2023-11-27,0.0019105421477183747,0.020743177407534213,0.058315272516624425
2023-11-28,0.012027828472703738,0.020866922114978127,0.057362492002124045
2023-11-29,-0.009372691209282524,0.02092196847753254,0.050137819238563905
2023-11-30,-0.006640895819852921,0.02056711213061358,0.06438455089302046
2023-12-01,-0.0017297190505035863,0.019662474427216338,0.08228112142917184
2023-12-04,-0.014389659674361299,0.01939424707325944,0.09024405420562012
2023-12-05,0.014187688873066229,0.019531661838585224,0.09975719825762182
2023-12-06,-0.007284591153269693,0.01957055538405644,0.07894376158892491
2023-12-07,0.019821111919700662,0.017457370854104988,0.1340754726829906
2023-12-08,0.002141760807631754,0.01632494183697743,0.16796155696303777
2023-12-11,-0.012108619564738188,0.01582354297911978,0.13351382209435272
2023-12-12,0.0019899628482198395,0.015034605864594324,0.12680352862316546
2023-12-13,0.007176671529355416,0.015072737128382188,0.12968965048861994
2023-12-14,0.002613195723922446,0.015065050386743429,0.10799440300535071
2023-12-15,0.008490122016828194,0.014634571860609246,0.09339900235561979
2023-12-18,0.008509069834647876,0.014890255181767838,0.09566506605996636
2023-12-19,0.006365826054123036,0.014838663211019103,0.09441255579374723
2023-12-20,-0.011093308450138829,0.015079210627258116,0.06751811960704153
2023-12-21,0.01264636228088536,0.015201971635052608,0.07802033831797081
2023-12-22,-0.0011150082564419738,0.01464802497939623,0.09672123928795476
2023-12-26,0.00272719785334512,0.014131236553475323,0.07653509604224525
2023-12-27,0.0018366179966133433,0.013895811663908731,0.0748279447345737
2023-12-28,-0.00537398139813936,0.013352799101580224,0.04324553228643131
2023-12-29,-0.007040383817538909,0.013283041149181584,0.032638622532911034
